name,title,dataset_id,backends,tags,metrics,subsets,description
ARC_c,,opencompass/ai2_arc-dev,OpenCompass,,,,
ARC_e,,opencompass/ai2_arc-easy-dev,OpenCompass,,,,
AX_b,,./data/SuperGLUE/AX-b/AX-b.jsonl,OpenCompass,,,,
AX_g,,./data/SuperGLUE/AX-g/AX-g.jsonl,OpenCompass,,,,
BoolQ,,opencompass/boolq,OpenCompass,,,,
C3,,./data/CLUE/C3/dev_0.json,OpenCompass,,,,
CB,,./data/SuperGLUE/CB/val.jsonl,OpenCompass,,,,
CMRC,,opencompass/cmrc_dev,OpenCompass,,,,
COPA,,./data/SuperGLUE/COPA/val.jsonl,OpenCompass,,,,
DRCD,,opencompass/drcd_dev,OpenCompass,,,,
GaokaoBench,,opencompass/GAOKAO-BENCH,OpenCompass,,,,
MultiRC,,./data/SuperGLUE/MultiRC/val.jsonl,OpenCompass,,,,
PMMEval,,P-MMEval,OpenCompass,,,,
RTE,,./data/SuperGLUE/RTE/val.jsonl,OpenCompass,,,,
ReCoRD,,./data/SuperGLUE/ReCoRD/val.jsonl,OpenCompass,,,,
WSC,,./data/SuperGLUE/WSC/val.jsonl,OpenCompass,,,,
WiC,,./data/SuperGLUE/WiC/val.jsonl,OpenCompass,,,,
Xsum,,opencompass/xsum,OpenCompass,,,,
a_okvqa,A-OKVQA,HuggingFaceM4/A-OKVQA,EvalScope,Knowledge|MCQ|MultiModal,acc,default,"A-OKVQA is a benchmark designed to probe commonsense reasoning and outside knowledge in visual question answering. Unlike basic VQA tasks that rely solely on the image content, A-OKVQA requires models to utilize a broad spectrum of commonsense and factual knowledge about the world to answer its questions. It includes both multiple-choice and open-ended questions, making it a particularly challenging test for assessing the reasoning capabilities of AI systems."
aa_lcr,AA-LCR,evalscope/AA-LCR,EvalScope,Knowledge|Reasoning|LongContext,acc,default,AA-LCR (Artificial Analysis Long Context Retrieval) is a benchmark for evaluating long-context retrieval and reasoning capabilities of language models across multiple documents.
afqmc,,opencompass/afqmc-dev,OpenCompass,,,,
agieval,,opencompass/agieval,OpenCompass,,,,
ai2d,AI2D,lmms-lab/ai2d,EvalScope,MultiModal|Knowledge|QA,acc,default,"AI2D is a benchmark dataset for researching the understanding of diagrams by AI. It contains over 5,000 diverse diagrams from science textbooks (e.g., the water cycle, food webs). Each diagram is accompanied by multiple-choice questions that test an AI's ability to interpret visual elements, text labels, and their relationships. The benchmark is challenging because it requires jointly understanding the layout, symbols, and text to answer questions correctly."
aime24,AIME-2024,HuggingFaceH4/aime_2024,EvalScope,Math|Reasoning,acc,default,"The AIME 2024 benchmark is based on problems from the American Invitational Mathematics Examination, a prestigious high school mathematics competition. This benchmark tests a model's ability to solve challenging mathematics problems by generating step-by-step solutions and providing the correct final answer."
aime25,AIME-2025,opencompass/AIME2025,EvalScope,Math|Reasoning,acc,AIME2025-I|AIME2025-II,"The AIME 2025 benchmark is based on problems from the American Invitational Mathematics Examination, a prestigious high school mathematics competition. This benchmark tests a model's ability to solve challenging mathematics problems by generating step-by-step solutions and providing the correct final answer."
alpaca_eval,AlpacaEval2.0,AI-ModelScope/alpaca_eval,EvalScope,InstructionFollowing|Arena,winrate,alpaca_eval_gpt4_baseline,"Alpaca Eval 2.0 is an enhanced framework for evaluating instruction-following language models, featuring an improved auto-annotator, updated baselines, and continuous preference calculation to provide more accurate and cost-effective model assessments. Currently not support `length-controlled winrate`; the official Judge model is `gpt-4-1106-preview`, while the baseline model is `gpt-4-turbo`."
amc,AMC,evalscope/amc_22-24,EvalScope,Math|Reasoning,acc,amc22|amc23|amc24,AMC (American Mathematics Competitions) is a series of mathematics competitions for high school students.
anat_em,AnatEM,extraordinarylab/anat-em,EvalScope,Knowledge|NER,precision|recall|f1_score|accuracy,default,"The AnatEM corpus is an extensive resource for anatomical entity recognition, created by extending and combining previous corpora to include over 13,000 annotations across 1212 biomedical documents."
arc,ARC,allenai/ai2_arc,EvalScope,Reasoning|MCQ,acc,ARC-Easy|ARC-Challenge,"The ARC (AI2 Reasoning Challenge) benchmark is designed to evaluate the reasoning capabilities of AI models through multiple-choice questions derived from science exams. It includes two subsets: ARC-Easy and ARC-Challenge, which vary in difficulty."
arena_hard,ArenaHard,AI-ModelScope/arena-hard-auto-v0.1,EvalScope,InstructionFollowing|Arena,winrate,default,"ArenaHard is a benchmark designed to evaluate the performance of large language models in a competitive setting, where models are pitted against each other in a series of tasks to determine their relative strengths and weaknesses. It includes a set of challenging tasks that require reasoning, understanding, and generation capabilities. Currently not support `style-controlled winrate`; the official Judge model is `gpt-4-1106-preview`, while the baseline model is `gpt-4-0314`."
bbh,BBH,evalscope/bbh,EvalScope,Reasoning,acc,temporal_sequences|disambiguation_qa|date_understanding|tracking_shuffled_objects_three_objects|penguins_in_a_table|geometric_shapes|snarks|ruin_names|tracking_shuffled_objects_seven_objects|tracking_shuffled_objects_five_objects|logical_deduction_three_objects|hyperbaton|logical_deduction_five_objects|logical_deduction_seven_objects|movie_recommendation|salient_translation_error_detection|reasoning_about_colored_objects|multistep_arithmetic_two|navigate|dyck_languages|word_sorting|sports_understanding|boolean_expressions|object_counting|formal_fallacies|causal_judgement|web_of_lies,"The BBH (Big Bench Hard) benchmark is a collection of challenging tasks designed to evaluate the reasoning capabilities of AI models. It includes both free-form and multiple-choice tasks, covering a wide range of reasoning skills."
bc2gm,BC2GM,extraordinarylab/bc2gm,EvalScope,Knowledge|NER,precision|recall|f1_score|accuracy,default,"The BC2GM (BioCreative II Gene Mention) dataset is a widely used corpus for gene mention recognition, consisting of 20,000 sentences from MEDLINE abstracts where gene and protein names have been manually annotated."
bc4chemd,BC4CHEMD,extraordinarylab/bc4chemd,EvalScope,Knowledge|NER,precision|recall|f1_score|accuracy,default,"The BC4CHEMD (BioCreative IV CHEMDNER) dataset is a corpus of 10,000 PubMed abstracts with 84,355 chemical entity mentions manually annotated by experts for chemical named entity recognition."
bc5cdr,BC5CDR,extraordinarylab/bc5cdr,EvalScope,Knowledge|NER,precision|recall|f1_score|accuracy,default,"The BC5CDR corpus is a manually annotated resource of 1,500 PubMed articles developed for the BioCreative V challenge, containing over 4,400 chemical mentions, 5,800 disease mentions, and 3,100 chemical-disease interactions."
bfcl_v3,BFCL-v3,AI-ModelScope/bfcl_v3,EvalScope,FunctionCalling|Agent,acc,simple|multiple|parallel|parallel_multiple|java|javascript|live_simple|live_multiple|live_parallel|live_parallel_multiple|irrelevance|live_relevance|live_irrelevance|multi_turn_base|multi_turn_miss_func|multi_turn_miss_param|multi_turn_long_context,"Berkeley Function Calling Leaderboard (BFCL), the **first comprehensive and executable function call evaluation** dedicated to assessing Large Language Models' (LLMs) ability to invoke functions. Unlike previous evaluations, BFCL accounts for various forms of function calls, diverse scenarios, and executability. Need to run `pip install bfcl-eval==2025.10.27.1` before evaluating. [Usage Example](https://evalscope.readthedocs.io/en/latest/third_party/bfcl_v3.html)"
bfcl_v4,BFCL-v4,https://github.com/ShishirPatil/gorilla/tree/main/berkeley-function-call-leaderboard,EvalScope,FunctionCalling|Agent,acc,simple_python|simple_java|simple_javascript|multiple|parallel|parallel_multiple|irrelevance|live_simple|live_multiple|live_parallel|live_parallel_multiple|live_irrelevance|live_relevance|multi_turn_base|multi_turn_miss_func|multi_turn_miss_param|multi_turn_long_context|memory_kv|memory_vector|memory_rec_sum|web_search_base|web_search_no_snippet,"With function-calling being the building blocks of Agents, the Berkeley Function-Calling Leaderboard (BFCL) V4 presents a holistic agentic evaluation for LLMs. BFCL V4 Agentic includes web search, memory, and format sensitivity. Together, the ability to web search, read and write from memory, and the ability to invoke functions in different languages present the building blocks for the exciting and extremely challenging avenues that power agentic LLMs today from deep-research, to agents for coding and law. Need to run `pip install bfcl-eval==2025.10.27.1` before evaluating. [Usage Example](https://evalscope.readthedocs.io/en/latest/third_party/bfcl_v4.html)"
biomix_qa,BioMixQA,extraordinarylab/biomix-qa,EvalScope,Knowledge|MCQ|Medical,acc,default,BiomixQA is a curated biomedical question-answering dataset. BiomixQA has been utilized to validate the Knowledge Graph based Retrieval-Augmented Generation (KG-RAG) framework across different LLMs.
blink,BLINK,evalscope/BLINK,EvalScope,MultiModal|Knowledge|MCQ,acc,Art_Style|Counting|Forensic_Detection|Functional_Correspondence|IQ_Test|Jigsaw|Multi-view_Reasoning|Object_Localization|Relative_Depth|Relative_Reflectance|Semantic_Correspondence|Spatial_Relation|Visual_Correspondence|Visual_Similarity,"BLINK is a benchmark designed to evaluate the core visual perception abilities of multimodal large language models (MLLMs). It transforms 14 classic computer vision tasks into 3,807 multiple-choice questions, accompanied by single or multiple images and visual prompts."
broad_twitter_corpus,BroadTwitterCorpus,extraordinarylab/broad-twitter-corpus,EvalScope,Knowledge|NER,precision|recall|f1_score|accuracy,default,"BroadTwitterCorpus is a dataset of tweets collected over stratified times, places and social uses. The goal is to represent a broad range of activities, giving a dataset more representative of the language used in this hardest of social media formats to process."
bustm,,./data/FewCLUE/bustm/dev_few_all.json,OpenCompass,,,,
cc_bench,CCBench,lmms-lab/MMBench,EvalScope,MultiModal|Knowledge|MCQ,acc,cc,"CCBench is an extension of MMBench with newly design questions about Chinese traditional culture, including Calligraphy Painting, Cultural Relic, Food & Clothes, Historical Figures, Scenery & Building, Sketch Reasoning and Traditional Show."
ceval,C-Eval,evalscope/ceval,EvalScope|OpenCompass,Knowledge|MCQ|Chinese,acc,computer_network|operating_system|computer_architecture|college_programming|college_physics|college_chemistry|advanced_mathematics|probability_and_statistics|discrete_mathematics|electrical_engineer|metrology_engineer|high_school_mathematics|high_school_physics|high_school_chemistry|high_school_biology|middle_school_mathematics|middle_school_biology|middle_school_physics|middle_school_chemistry|veterinary_medicine|college_economics|business_administration|marxism|mao_zedong_thought|education_science|teacher_qualification|high_school_politics|high_school_geography|middle_school_politics|middle_school_geography|modern_chinese_history|ideological_and_moral_cultivation|logic|law|chinese_language_and_literature|art_studies|professional_tour_guide|legal_professional|high_school_chinese|high_school_history|middle_school_history|civil_servant|sports_science|plant_protection|basic_medicine|clinical_medicine|urban_and_rural_planner|accountant|fire_engineer|environmental_impact_assessment_engineer|tax_accountant|physician,"C-Eval is a benchmark designed to evaluate the performance of AI models on Chinese exams across various subjects, including STEM, social sciences, and humanities. It consists of multiple-choice questions that test knowledge and reasoning abilities in these areas."
chartqa,ChartQA,lmms-lab/ChartQA,EvalScope,MultiModal|Knowledge|QA,relaxed_acc,human_test|augmented_test,"ChartQA is a benchmark designed to evaluate question-answering capabilities about charts (e.g., bar charts, line graphs, pie charts), focusing on both visual and logical reasoning."
chid,,./data/FewCLUE/chid/dev_few_all.json,OpenCompass,,,,
chinese_simpleqa,Chinese-SimpleQA,AI-ModelScope/Chinese-SimpleQA,EvalScope,Knowledge|QA|Chinese,is_correct|is_incorrect|is_not_attempted,中华文化|人文与社会科学|工程、技术与应用科学|生活、艺术与文化|社会|自然与自然科学,Chinese SimpleQA is a Chinese question-answering dataset designed to evaluate the performance of language models on simple factual questions. It includes a variety of topics and is structured to test the model's ability to understand and generate correct answers in Chinese.
cluewsc,,./data/FewCLUE/cluewsc/dev_few_all.json,OpenCompass,,,,
cmb,,./data/CMB/,OpenCompass,,,,
cmmlu,C-MMLU,evalscope/cmmlu,EvalScope|OpenCompass,Knowledge|MCQ|Chinese,acc,agronomy|anatomy|ancient_chinese|arts|astronomy|business_ethics|chinese_civil_service_exam|chinese_driving_rule|chinese_food_culture|chinese_foreign_policy|chinese_history|chinese_literature|chinese_teacher_qualification|college_actuarial_science|college_education|college_engineering_hydrology|college_law|college_mathematics|college_medical_statistics|clinical_knowledge|college_medicine|computer_science|computer_security|conceptual_physics|construction_project_management|economics|education|elementary_chinese|elementary_commonsense|elementary_information_and_technology|electrical_engineering|elementary_mathematics|ethnology|food_science|genetics|global_facts|high_school_biology|high_school_chemistry|high_school_geography|high_school_mathematics|high_school_physics|high_school_politics|human_sexuality|international_law|journalism|jurisprudence|legal_and_moral_basis|logical|machine_learning|management|marketing|marxist_theory|modern_chinese|nutrition|philosophy|professional_accounting|professional_law|professional_medicine|professional_psychology|public_relations|security_study|sociology|sports_science|traditional_chinese_medicine|virology|world_history|world_religions,"C-MMLU is a benchmark designed to evaluate the performance of AI models on Chinese language tasks, including reading comprehension, text classification, and more."
cmmmu,CMMMU,lmms-lab/CMMMU,EvalScope,MultiModal|Knowledge|QA|Chinese,acc,设计|音乐|艺术|艺术理论|经济|会计|金融|管理|营销|物理|地理|化学|生物|数学|临床医学|公共卫生|基础医学|诊断学与实验室医学|制药|历史|心理学|文献学|社会学|计算机科学|电子学|机械工程|能源和电力|材料|建筑学|农业,"CMMMU includes manually collected multimodal questions from college exams, quizzes, and textbooks, covering six core disciplines: Art & Design, Business, Science, Health & Medicine, Humanities & Social Science, and Tech & Engineering, like its companion, MMMU. These questions span 30 subjects and comprise 39 highly heterogeneous image types, such as charts, diagrams, maps, tables, music sheets, and chemical structures."
cmmu,CMMU,evalscope/CMMU,EvalScope,Knowledge|QA|MCQ|MultiModal,acc,biology|chemistry|geography|history|math|physics|politics,"CMMU is a novel multi-modal benchmark designed to evaluate domain-specific knowledge across seven foundational subjects: math, biology, physics, chemistry, geography, politics, and history."
cmnli,,opencompass/cmnli-dev,OpenCompass,,,,
coin_flip,CoinFlip,extraordinarylab/coin-flip,EvalScope,Reasoning|Yes/No,accuracy|precision|recall|f1_score|yes_ratio,default,"CoinFlip is a symbolic reasoning dataset that tests an LLM's ability to track binary state changes through a sequence of actions. Each example describes whether a coin is flipped or not by different person, requiring logical inference to determine the final state (heads or tails)."
commonsense_qa,CommonsenseQA,extraordinarylab/commonsense-qa,EvalScope,Reasoning|Commonsense|MCQ,acc,default,CommonsenseQA requires different types of commonsense knowledge to predict the correct answers.
competition_math,Competition-MATH,evalscope/competition_math,EvalScope,Math|Reasoning,acc,Level 1|Level 2|Level 3|Level 4|Level 5,"The MATH (Mathematics) benchmark is designed to evaluate the mathematical reasoning abilities of AI models through a variety of problem types, including arithmetic, algebra, geometry, and more."
conll2003,CoNLL2003,extraordinarylab/conll2003,EvalScope,Knowledge|NER,precision|recall|f1_score|accuracy,default,"The ConLL-2003 dataset is for the Named Entity Recognition (NER) task. It was introduced as part of the ConLL-2003 Shared Task conference and contains texts annotated with entities such as people, organizations, places, and various names."
conllpp,CoNLL++,extraordinarylab/conllpp,EvalScope,Knowledge|NER,precision|recall|f1_score|accuracy,default,The CoNLL++ dataset is a corrected and cleaner version of the test set from the widely-used CoNLL2003 NER benchmark.
copious,Copious,extraordinarylab/copious,EvalScope,Knowledge|NER,precision|recall|f1_score|accuracy,default,"Copious corpus is a gold standard corpus that covers a wide range of biodiversity entities, consisting of 668 documents downloaded from the Biodiversity Heritage Library with over 26K sentences and more than 28K entities."
cross_ner,CrossNER,extraordinarylab/cross-ner,EvalScope,Knowledge|NER,precision|recall|f1_score|accuracy,ai|literature|music|politics|science,"CrossNER is a fully-labelled collected of named entity recognition (NER) data spanning over five diverse domains (AI, Literature, Music, Politics, Science)."
csl,,./data/FewCLUE/csl/dev_few_all.json,OpenCompass,,,,
data_collection,Data-Collection,,EvalScope,Custom,acc,default,"Custom Data collection, mixing multiple evaluation datasets for a unified evaluation, aiming to use less data to achieve a more comprehensive assessment of the model's capabilities. [Usage Reference](https://evalscope.readthedocs.io/en/latest/advanced_guides/collection/index.html)"
docmath,DocMath,yale-nlp/DocMath-Eval,EvalScope,Reasoning|Math|LongContext,acc,complong_testmini|compshort_testmini|simplong_testmini|simpshort_testmini,DocMath-Eval is a comprehensive benchmark focused on numerical reasoning within specialized domains. It requires the model to comprehend long and specialized documents and perform numerical reasoning to answer the given question.
docvqa,DocVQA,lmms-lab/DocVQA,EvalScope,MultiModal|Knowledge|QA,anls,DocVQA,"DocVQA (Document Visual Question Answering) is a benchmark designed to evaluate AI systems on their ability to answer questions based on the content of document images, such as scanned pages, forms, or invoices. Unlike general visual question answering, it requires understanding not just the text extracted by OCR, but also the complex layout, structure, and visual elements of a document."
drivel_binary,DrivelologyBinaryClassification,extraordinarylab/drivel-hub,EvalScope,Yes/No,accuracy|precision|recall|f1_score|yes_ratio,binary-classification,"Drivelology, a unique linguistic phenomenon characterised as ""nonsense with depth"" - utterances that are syntactically coherent yet pragmatically paradoxical, emotionally loaded, or rhetorically subversive."
drivel_multilabel,DrivelologyMultilabelClassification,extraordinarylab/drivel-hub,EvalScope,MCQ,f1_weighted|f1_micro|f1_macro|exact_match,multi-label-classification,"Drivelology, a unique linguistic phenomenon characterised as ""nonsense with depth"" - utterances that are syntactically coherent yet pragmatically paradoxical, emotionally loaded, or rhetorically subversive."
drivel_selection,DrivelologyNarrativeSelection,extraordinarylab/drivel-hub,EvalScope,MCQ,acc,multiple-choice-english-easy|multiple-choice-english-hard,"Drivelology, a unique linguistic phenomenon characterised as ""nonsense with depth"" - utterances that are syntactically coherent yet pragmatically paradoxical, emotionally loaded, or rhetorically subversive."
drivel_writing,DrivelologyNarrativeWriting,extraordinarylab/drivel-hub,EvalScope,Knowledge|Reasoning,bert_score|gpt_score,narrative-writing-english,"Drivelology, a unique linguistic phenomenon characterised as ""nonsense with depth"" - utterances that are syntactically coherent yet pragmatically paradoxical, emotionally loaded, or rhetorically subversive."
drop,DROP,AI-ModelScope/DROP,EvalScope,Reasoning,em|f1,default,The DROP (Discrete Reasoning Over Paragraphs) benchmark is designed to evaluate the reading comprehension and reasoning capabilities of AI models. It includes a variety of tasks that require models to read passages and answer questions based on the content.
eprstmt,,./data/FewCLUE/eprstmt/dev_few_all.json,OpenCompass,,,,
eq_bench,EQ-Bench,evalscope/EQ-Bench,EvalScope,InstructionFollowing,eq_bench_score,default,EQ-Bench is a benchmark for evaluating language models on emotional intelligence tasks. It assesses the ability to predict the likely emotional responses of characters in dialogues by rating the intensity of possible emotional responses. [Paper](https://arxiv.org/abs/2312.06281) | [Homepage](https://eqbench.com/)
evalmuse,EvalMuse,AI-ModelScope/T2V-Eval-Prompts,EvalScope,TextToImage,FGA_BLIP2Score,EvalMuse,EvalMuse Text-to-Image Benchmark. Used for evaluating the quality and semantic alignment of finely generated images
fin_ner,FinNER,extraordinarylab/fin-ner,EvalScope,Knowledge|NER,precision|recall|f1_score|accuracy,default,"The FinNER dataset is a corpus of financial agreements from public U.S. Security and Exchange Commission (SEC) filings, annotated with Person, Organization, Location, and Miscellaneous entities to support information extraction for credit risk assessment."
fleurs,FLEURS,lmms-lab/fleurs,EvalScope,Audio|MultiLingual|SpeechRecognition,wer,cmn_hans_cn|en_us|yue_hant_hk,"FLEURS is a massively multilingual benchmark with 102 languages for evaluating ASR, spoken language understanding, and speech translation"
frames,FRAMES,iic/frames,EvalScope,Reasoning|LongContext,acc,default,"FRAMES is a comprehensive evaluation dataset designed to test the capabilities of Retrieval-Augmented Generation (RAG) systems across factuality, retrieval accuracy, and reasoning."
gedit,GEdit-Bench,stepfun-ai/GEdit-Bench,EvalScope,ImageEditing,Semantic Consistency|Perceptual Similarity,background_change|color_alter|material_alter|motion_change|ps_human|style_change|subject-add|subject-remove|subject-replace|text_change|tone_transfer,"GEdit-Bench Image Editing Benchmark, grounded in real-world usages is developed to support more authentic and comprehensive evaluation of image editing models."
genai_bench,GenAI-Bench,AI-ModelScope/T2V-Eval-Prompts,EvalScope,TextToImage,VQAScore,GenAI-Bench-1600,GenAI-Bench Text-to-Image Benchmark. Includes 1600 prompts for text-to-image task.
general_arena,GeneralArena,general_arena,EvalScope,Custom|Arena,winrate,default,"GeneralArena is a custom benchmark designed to evaluate the performance of large language models in a competitive setting, where models are pitted against each other in custom tasks to determine their relative strengths and weaknesses. You should provide the model outputs in the format of a list of dictionaries, where each dictionary contains the model name and its report path. For detailed instructions on how to use this benchmark, please refer to the [Arena User Guide](https://evalscope.readthedocs.io/en/latest/user_guides/arena.html)."
general_fc,General-FunctionCalling,evalscope/GeneralFunctionCall-Test,EvalScope,FunctionCalling|Custom|Agent,count_finish_reason_tool_call|count_successful_tool_call|schema_accuracy|tool_call_f1,default,"A general function calling dataset for custom evaluation. For detailed instructions on how to use this benchmark, please refer to the [User Guide](https://evalscope.readthedocs.io/en/latest/advanced_guides/custom_dataset/llm.html#fc)."
general_mcq,General-MCQ,general_mcq,EvalScope,MCQ|Custom,acc,default,"A general multiple-choice question answering dataset for custom evaluation. For detailed instructions on how to use this benchmark, please refer to the [User Guide](https://evalscope.readthedocs.io/en/latest/advanced_guides/custom_dataset/llm.html#mcq)."
general_qa,General-QA,general_qa,EvalScope,QA|Custom,BLEU|Rouge,default,"A general question answering dataset for custom evaluation. For detailed instructions on how to use this benchmark, please refer to the [User Guide](https://evalscope.readthedocs.io/en/latest/advanced_guides/custom_dataset/llm.html#qa)."
general_t2i,general_t2i,general_t2i,EvalScope,TextToImage|Custom,PickScore,default,General Text-to-Image Benchmark
general_vmcq,General-VMCQ,general_vmcq,EvalScope,MCQ|Custom|MultiModal,acc,default,"A general visual multiple-choice question answering dataset for custom multimodal evaluation. Format similar to MMMU, not OpenAI message format. Images are plain strings (local/remote path or base64 data URL). For detailed instructions on how to use this benchmark, please refer to the [User Guide](https://evalscope.readthedocs.io/en/latest/advanced_guides/custom_dataset/vlm.html)."
general_vqa,General-VQA,general_vqa,EvalScope,QA|Custom|MultiModal,BLEU|Rouge,default,"A general visual question answering dataset for custom multimodal evaluation. Supports OpenAI-compatible message format with images (local paths or base64). For detailed instructions, please refer to the [User Guide](https://evalscope.readthedocs.io/en/latest/advanced_guides/custom_dataset/vlm.html)."
genia_ner,GeniaNER,extraordinarylab/genia-ner,EvalScope,Knowledge|NER,precision|recall|f1_score|accuracy,default,"GeniaNER consisting of 2,000 MEDLINE abstracts has been released with more than 400,000 words and almost 100,000 annotations for biological terms."
gpqa_diamond,GPQA-Diamond,AI-ModelScope/gpqa_diamond,EvalScope,Knowledge|MCQ,acc,default,GPQA is a dataset for evaluating the reasoning ability of large language models (LLMs) on complex mathematical problems. It contains questions that require step-by-step reasoning to arrive at the correct answer.
gsm8k,GSM8K,AI-ModelScope/gsm8k,EvalScope|OpenCompass,Math|Reasoning,acc,main,"GSM8K (Grade School Math 8K) is a dataset of grade school math problems, designed to evaluate the mathematical reasoning abilities of AI models."
gsm8k_v,GSM8K-V,evalscope/GSM8K-V,EvalScope,Math|Reasoning|MultiModal,acc,default,"GSM8K-V is a purely visual multi-image mathematical reasoning benchmark that systematically maps each GSM8K math word problem into its visual counterpart to enable a clean, within-item comparison across modalities."
hallusion_bench,HallusionBench,lmms-lab/HallusionBench,EvalScope,MultiModal|Hallucination|Yes/No,aAcc|qAcc|fAcc,default,"HallusionBench is an advanced diagnostic benchmark designed to evaluate image-context reasoning, analyze models' tendencies for language hallucination and visual illusion in large vision-language models (LVLMs)."
halueval,HaluEval,evalscope/HaluEval,EvalScope,Knowledge|Hallucination|Yes/No,accuracy|precision|recall|f1_score|yes_ratio,dialogue_samples|qa_samples|summarization_samples,HaluEval is a large collection of generated and human-annotated hallucinated samples for evaluating the performance of LLMs in recognizing hallucination.
harvey_ner,HarveyNER,extraordinarylab/harvey-ner,EvalScope,Knowledge|NER,precision|recall|f1_score|accuracy,default,HarveyNER is a dataset with fine-grained locations annotated in tweets. This dataset presents unique challenges and characterizes many complex and long location mentions in informal descriptions.
health_bench,HealthBench,openai-mirror/healthbench,EvalScope,Knowledge|QA|Medical,communication_quality|instruction_following|accuracy|context_awareness|completeness,emergency_referrals|communication|complex_responses|hedging|health_data_tasks|global_health|context_seeking,"HealthBench: a new benchmark designed to better measure capabilities of AI systems for health. Built in partnership with 262 physicians who have practiced in 60 countries, HealthBench includes 5,000 realistic health conversations, each with a custom physician-created rubric to grade model responses."
hellaswag,HellaSwag,evalscope/hellaswag,EvalScope|OpenCompass,Commonsense|MCQ|Knowledge,acc,default,HellaSwag is a benchmark for commonsense reasoning in natural language understanding tasks. It consists of multiple-choice questions where the model must select the most plausible continuation of a given context.
hle,Humanity's-Last-Exam,cais/hle,EvalScope,Knowledge|QA,acc,Biology/Medicine|Chemistry|Computer Science/AI|Engineering|Humanities/Social Science|Math|Physics|Other,"Humanity's Last Exam (HLE) is a language model benchmark consisting of 2,500 questions across a broad range of subjects. It was created jointly by the Center for AI Safety and Scale AI. The benchmark classifies the questions into the following broad subjects: mathematics (41%), physics (9%), biology/medicine (11%), humanities/social science (9%), computer science/artificial intelligence (10%), engineering (4%), chemistry (7%), and other (9%). Around 14% of the questions require the ability to understand both text and images, i.e., multi-modality. 24% of the questions are multiple-choice; the rest are short-answer, exact-match questions. 
**To evaluate the performance of model without multi-modality capabilities, please set the `extra_params[""include_multi_modal""]` to `False`.**"
hpdv2,HPD-v2,AI-ModelScope/T2V-Eval-Prompts,EvalScope,TextToImage,HPSv2.1Score,HPDv2,"HPDv2 Text-to-Image Benchmark. Evaluation metrics based on human preferences, trained on the Human Preference Dataset (HPD v2)"
humaneval,HumanEval,opencompass/humaneval,EvalScope|OpenCompass,Coding,acc,openai_humaneval,"HumanEval is a benchmark for evaluating the ability of code generation models to write Python functions based on given specifications. It consists of programming tasks with a defined input-output behavior. **By default the code is executed in local environment. We recommend using sandbox execution to safely run and evaluate the generated code, please refer to the [documentation](https://evalscope.readthedocs.io/en/latest/user_guides/sandbox.html) for more details.**"
humaneval_plus,HumanEvalPlus,evalscope/humanevalplus,EvalScope,Coding,acc,default,"HumanEval Plus is a rigorous extension of OpenAI's original HumanEval dataset, designed to address the high false-positive rates found in code generation benchmarks. While the original HumanEval uses a limited number of test cases per problem, HumanEval+ augments these with tens of thousands of automatically generated inputs (using LLM-based and mutation-based strategies). This massively expanded test suite exposes edge-case bugs and functional errors that previously went undetected, making it a much stricter and more accurate standard for evaluating the correctness of AI-generated code.
**By default the code is executed in local environment. We recommend using sandbox execution to safely run and evaluate the generated code, please refer to the [documentation](https://evalscope.readthedocs.io/en/latest/user_guides/sandbox.html) for more details.**'
"
ifbench,IFBench,allenai/IFBench_test,EvalScope,InstructionFollowing,prompt_level_strict|inst_level_strict|prompt_level_loose|inst_level_loose,default,"IFBench is a new benchmark designed to evaluate how reliably AI models follow novel, challenging, and diverse verifiable instructions, with a strong focus on out-of-domain generalization. It comprises 58 manually curated verifiable constraints across categories such as counting, formatting, and word usage, aiming to address overfitting and data contamination issues present in existing benchmarks. Developed by AllenAI, IFBench serves as a rigorous test for precise instruction-following capabilities."
ifeval,IFEval,opencompass/ifeval,EvalScope,InstructionFollowing,prompt_level_strict|inst_level_strict|prompt_level_loose|inst_level_loose,default,"IFEval is a benchmark for evaluating instruction-following language models, focusing on their ability to understand and respond to various prompts. It includes a diverse set of tasks and metrics to assess model performance comprehensively."
infovqa,InfoVQA,lmms-lab/DocVQA,EvalScope,MultiModal|Knowledge|QA,anls,InfographicVQA,"InfoVQA (Information Visual Question Answering) is a benchmark designed to evaluate how well AI models can answer questions based on information-dense images, such as charts, graphs, diagrams, maps, and infographics."
iquiz,IQuiz,AI-ModelScope/IQuiz,EvalScope,Knowledge|MCQ|Chinese,acc,IQ|EQ,IQuiz is a benchmark for evaluating AI models on IQ and EQ questions. It consists of multiple-choice questions where the model must select the correct answer and provide an explanation.
jnlpba,JNLPBA,extraordinarylab/jnlpba,EvalScope,Knowledge|NER,precision|recall|f1_score|accuracy,default,"The JNLPBA dataset is a widely-used resource for bio-entity recognition, consisting of 2,404 MEDLINE abstracts from the GENIA corpus annotated for five key molecular biology entity types."
jnlpba_rare,JNLPBA-Rare,extraordinarylab/jnlpba-rare,EvalScope,Knowledge|NER,precision|recall|f1_score|accuracy,default,"The JNLPBA-Rare dataset is a specialized subset of the JNLPBA test set created to evaluate zero-shot performance on its least frequent entity types, RNA and cell line."
lambada,,opencompass/lambada,OpenCompass,,,,
lcsts,,opencompass/LCSTS,OpenCompass,,,,
librispeech,LibriSpeech,lmms-lab/Librispeech-concat,EvalScope,Audio|SpeechRecognition,wer,default,"LibriSpeech is a 1,000-hour corpus of read-English speech from audiobooks, widely used to benchmark automatic speech recognition systems."
live_code_bench,Live-Code-Bench,AI-ModelScope/code_generation_lite,EvalScope,Coding,acc,release_latest,"Live Code Bench is a benchmark for evaluating code generation models on real-world coding tasks. It includes a variety of programming problems with test cases to assess the model's ability to generate correct and efficient code solutions. **By default the code is executed in local environment. We recommend using sandbox execution to safely run and evaluate the generated code, please refer to the [documentation](https://evalscope.readthedocs.io/en/latest/user_guides/sandbox.html) for more details.**"
logi_qa,LogiQA,extraordinarylab/logiqa,EvalScope,Reasoning|MCQ,acc,default,LogiQA is a dataset sourced from expert-written questions for testing human Logical reasoning.
maritime_bench,MaritimeBench,HiDolphin/MaritimeBench,EvalScope,Chinese|MCQ|Knowledge,acc,default,"MaritimeBench is a benchmark for evaluating AI models on maritime-related multiple-choice questions. It consists of questions related to maritime knowledge, where the model must select the correct answer from given options."
math,,opencompass/math,OpenCompass,,,,
math_500,MATH-500,AI-ModelScope/MATH-500,EvalScope,Math|Reasoning,acc,Level 1|Level 2|Level 3|Level 4|Level 5,"MATH-500 is a benchmark for evaluating mathematical reasoning capabilities of AI models. It consists of 500 diverse math problems across five levels of difficulty, designed to test a model's ability to solve complex mathematical problems by generating step-by-step solutions and providing the correct final answer."
math_qa,MathQA,extraordinarylab/math-qa,EvalScope,Reasoning|Math|MCQ,acc,default,MathQA dataset is gathered by using a new representation language to annotate over the AQuA-RAT dataset with fully-specified operational programs.
math_verse,MathVerse,evalscope/MathVerse,EvalScope,Math|Reasoning|MCQ|MultiModal,acc,Text Dominant|Text Lite|Vision Intensive|Vision Dominant|Vision Only,"MathVerse, an all-around visual math benchmark designed for an equitable and in-depth evaluation of MLLMs. 2,612 high-quality, multi-subject math problems with diagrams from publicly available sources. Each problem is then transformed by human annotators into six distinct versions, each offering varying degrees of information content in multi-modality, contributing to 15K test samples in total. This approach allows MathVerse to comprehensively assess whether and how much MLLMs can truly understand the visual diagrams for mathematical reasoning."
math_vision,MathVision,evalscope/MathVision,EvalScope,Math|Reasoning|MCQ|MultiModal,acc,level 1|level 2|level 3|level 4|level 5,"The MATH-Vision (MATH-V) dataset, a meticulously curated collection of 3,040 high-quality mathematical problems with visual contexts sourced from real math competitions."
math_vista,MathVista,evalscope/MathVista,EvalScope,Math|Reasoning|MCQ|MultiModal,acc,default,"MathVista is a consolidated Mathematical reasoning benchmark within Visual contexts. It consists of three newly created datasets, IQTest, FunctionQA, and PaperQA, which address the missing visual domains and are tailored to evaluate logical reasoning on puzzle test figures, algebraic reasoning over functional plots, and scientific reasoning with academic paper figures, respectively. It also incorporates 9 MathQA datasets and 19 VQA datasets from the literature, which significantly enrich the diversity and complexity of visual perception and mathematical reasoning challenges within our benchmark. In total, MathVista includes 6,141 examples collected from 31 different datasets."
mbpp,MBPP,google-research-datasets/mbpp,EvalScope|OpenCompass,Coding,acc,full,"MBPP (Mostly Basic Python Problems Dataset): The benchmark consists of around 1,000 crowd-sourced Python programming problems, designed to be solvable by entry level programmers, covering programming fundamentals, standard library functionality, and so on. Each problem consists of a task description, code solution and 3 automated test cases.**Sandbox environment is needed for execution to safely run and evaluate the generated code, please refer to the [documentation](https://evalscope.readthedocs.io/en/latest/user_guides/sandbox.html) for more details.**"
mbpp_plus,MBPP-Plus,evalscope/mbppplus,EvalScope,Coding,acc,default,"MBPP Plus is a fortified version of the Mostly Basic Python Problems (MBPP) benchmark, created to improve the reliability of evaluating basic programming synthesis. It addresses quality issues in the original dataset—such as incorrect reference code or ambiguous problem statements—and significantly increases the test coverage for each problem. By combining sanitized data with a vast array of rigorous, automated test cases, MBPP Plus ensures that models are assessed on their ability to produce robust, functionally correct solutions rather than code that simply passes a few trivial checks.
**By default the code is executed in local environment. We recommend using sandbox execution to safely run and evaluate the generated code, please refer to the [documentation](https://evalscope.readthedocs.io/en/latest/user_guides/sandbox.html) for more details.**
"
med_mcqa,Med-MCQA,extraordinarylab/medmcqa,EvalScope,Knowledge|MCQ,acc,default,MedMCQA is a large-scale MCQA dataset designed to address real-world medical entrance exam questions.
mgsm,MGSM,evalscope/mgsm,EvalScope,Math|Reasoning|MultiLingual,acc,en|es|fr|de|ru|zh|ja|th|sw|bn|te,"Multilingual Grade School Math Benchmark (MGSM) is a benchmark of grade-school math problems, proposed in the paper Language models are multilingual chain-of-thought reasoners."
micro_vqa,MicroVQA,evalscope/MicroVQA,EvalScope,Knowledge|MCQ|MultiModal|Medical,acc,default,MicroVQA is expert-curated benchmark for multimodal reasoning for microscopy-based scientific research
minerva_math,Minerva-Math,knoveleng/Minerva-Math,EvalScope,Math|Reasoning,acc,default,"Minerva-math is a benchmark designed to evaluate the mathematical and quantitative reasoning capabilities of LLMs. It consists of **272 problems** sourced primarily from **MIT OpenCourseWare** courses, covering advanced STEM subjects such as solid-state chemistry, astronomy, differential equations, and special relativity at the **university and graduate level**."
mit_movie_trivia,MIT-Movie-Trivia,extraordinarylab/mit-movie-trivia,EvalScope,Knowledge|NER,precision|recall|f1_score|accuracy,default,"The MIT-Movie-Trivia dataset, originally created for slot filling, is modified by ignoring some slot types (e.g. genre, rating) and merging others (e.g. director and actor in person, and song and movie title in title) in order to keep consistent named entity types across all datasets."
mit_restaurant,MIT-Restaurant,extraordinarylab/mit-restaurant,EvalScope,Knowledge|NER,precision|recall|f1_score|accuracy,default,"The MIT-Restaurant dataset is a collection of restaurant review text specifically curated for training and testing Natural Language Processing (NLP) models, particularly for Named Entity Recognition (NER). It contains sentences from real reviews, along with corresponding labels in the BIO format."
mm_bench,MMBench,lmms-lab/MMBench,EvalScope,MultiModal|Knowledge|QA,acc,cn|en,MMBench is a comprehensive evaluation pipeline comprised of meticulously curated multimodal dataset and a novel circulareval strategy using ChatGPT. It is comprised of 20 ability dimensions defined by MMBench. It also contains chinese version with translated question.
mm_star,MMStar,evalscope/MMStar,EvalScope,MultiModal|Knowledge|MCQ,acc,coarse perception|fine-grained perception|instance reasoning|logical reasoning|math|science & technology,"MMStar: an elite vision-indispensible multi-modal benchmark, aiming to ensure each curated sample exhibits visual dependency, minimal data leakage, and requires advanced multi-modal capabilities."
mmlu,MMLU,cais/mmlu,EvalScope|OpenCompass,Knowledge|MCQ,acc,abstract_algebra|anatomy|astronomy|business_ethics|clinical_knowledge|college_biology|college_chemistry|college_computer_science|college_mathematics|college_medicine|college_physics|computer_security|conceptual_physics|econometrics|electrical_engineering|elementary_mathematics|formal_logic|global_facts|high_school_biology|high_school_chemistry|high_school_computer_science|high_school_european_history|high_school_geography|high_school_government_and_politics|high_school_macroeconomics|high_school_mathematics|high_school_microeconomics|high_school_physics|high_school_psychology|high_school_statistics|high_school_us_history|high_school_world_history|human_aging|human_sexuality|international_law|jurisprudence|logical_fallacies|machine_learning|management|marketing|medical_genetics|miscellaneous|moral_disputes|moral_scenarios|nutrition|philosophy|prehistory|professional_accounting|professional_law|professional_medicine|professional_psychology|public_relations|security_studies|sociology|us_foreign_policy|virology|world_religions,"The MMLU (Massive Multitask Language Understanding) benchmark is a comprehensive evaluation suite designed to assess the performance of language models across a wide range of subjects and tasks. It includes multiple-choice questions from various domains, such as history, science, mathematics, and more, providing a robust measure of a model's understanding and reasoning capabilities."
mmlu_pro,MMLU-Pro,TIGER-Lab/MMLU-Pro,EvalScope,MCQ|Knowledge,acc,computer science|math|chemistry|engineering|law|biology|health|physics|business|philosophy|economics|other|psychology|history,"MMLU-Pro is a benchmark for evaluating language models on multiple-choice questions across various subjects. It includes questions from different domains, where the model must select the correct answer from given options."
mmlu_redux,MMLU-Redux,AI-ModelScope/mmlu-redux-2.0,EvalScope,MCQ|Knowledge,acc,abstract_algebra|anatomy|astronomy|business_ethics|clinical_knowledge|college_biology|college_chemistry|college_computer_science|college_mathematics|college_medicine|college_physics|computer_security|conceptual_physics|econometrics|electrical_engineering|elementary_mathematics|formal_logic|global_facts|high_school_biology|high_school_chemistry|high_school_computer_science|high_school_european_history|high_school_geography|high_school_government_and_politics|high_school_macroeconomics|high_school_mathematics|high_school_microeconomics|high_school_physics|high_school_psychology|high_school_statistics|high_school_us_history|high_school_world_history|human_aging|human_sexuality|international_law|jurisprudence|logical_fallacies|machine_learning|management|marketing|medical_genetics|miscellaneous|moral_disputes|moral_scenarios|nutrition|philosophy|prehistory|professional_accounting|professional_law|professional_medicine|professional_psychology|public_relations|security_studies|sociology|us_foreign_policy|virology|world_religions,"MMLU-Redux is a benchmark for evaluating language models on multiple-choice questions across various subjects. It includes questions from different domains, where the model must select the correct answer from given options. The bad answers are corrected."
mmmu,MMMU,AI-ModelScope/MMMU,EvalScope,MultiModal|Knowledge|QA,acc,Accounting|Agriculture|Architecture_and_Engineering|Art|Art_Theory|Basic_Medical_Science|Biology|Chemistry|Clinical_Medicine|Computer_Science|Design|Diagnostics_and_Laboratory_Medicine|Economics|Electronics|Energy_and_Power|Finance|Geography|History|Literature|Manage|Marketing|Materials|Math|Mechanical_Engineering|Music|Pharmacy|Physics|Psychology|Public_Health|Sociology,"MMMU (A Massive Multi-discipline Multimodal Understanding and Reasoning Benchmark for Expert AGI) benchmark designed to evaluate multimodal models on massive multi-discipline tasks demanding college-level subject knowledge and deliberate reasoning. MMMU includes 11.5K meticulously collected multimodal questions from college exams, quizzes, and textbooks, covering six core disciplines: Art & Design, Business, Science, Health & Medicine, Humanities & Social Science, and Tech & Engineering. These questions span 30 subjects and 183 subfields, comprising 30 highly heterogeneous image types, such as charts, diagrams, maps, tables, music sheets, and chemical structures."
mmmu_pro,MMMU-PRO,AI-ModelScope/MMMU_Pro,EvalScope,MultiModal|Knowledge|MCQ,acc,Accounting|Agriculture|Architecture_and_Engineering|Art|Art_Theory|Basic_Medical_Science|Biology|Chemistry|Clinical_Medicine|Computer_Science|Design|Diagnostics_and_Laboratory_Medicine|Economics|Electronics|Energy_and_Power|Finance|Geography|History|Literature|Manage|Marketing|Materials|Math|Mechanical_Engineering|Music|Pharmacy|Physics|Psychology|Public_Health|Sociology,"MMMU-Pro is an enhanced multimodal benchmark designed to rigorously assess the true understanding capabilities of advanced AI models across multiple modalities. It builds upon the original MMMU benchmark by introducing several key improvements that make it more challenging and realistic, ensuring that models are evaluated on their genuine ability to integrate and comprehend both visual and textual information."
mri_mcqa,MRI-MCQA,extraordinarylab/mri-mcqa,EvalScope,Knowledge|MCQ|Medical,acc,default,MRI-MCQA is a benchmark composed by multiple-choice questions related to Magnetic Resonance Imaging (MRI).
multi_if,Multi-IF,facebook/Multi-IF,EvalScope,InstructionFollowing|MultiLingual|MultiTurn,prompt_level_strict|inst_level_strict|prompt_level_loose|inst_level_loose,Chinese|English|German|Italian|Vietnamese|Spanish|Hindi|Portuguese|French|Thai|Russian,Multi-IF is a benchmark designed to evaluate the performance of LLM models' capabilities in multi-turn instruction following within a multilingual environment.
multi_nerd,MultiNERD,extraordinarylab/multi-nerd,EvalScope,Knowledge|NER,precision|recall|f1_score|accuracy,default,"MultiNERD is a large-scale, multilingual, and multi-genre dataset for fine-grained Named Entity Recognition, automatically generated from Wikipedia and Wikinews, covering 10 languages and 15 distinct entity categories."
multiple_humaneval,MultiPL-E HumanEval,evalscope/MultiPL-E,EvalScope,Coding,acc,humaneval-cpp|humaneval-ts|humaneval-sh|humaneval-cs|humaneval-go|humaneval-java|humaneval-lua|humaneval-js|humaneval-php|humaneval-pl|humaneval-rkt|humaneval-r|humaneval-rs|humaneval-scala|humaneval-swift|humaneval-rb|humaneval-d|humaneval-jl,"This multilingual HumanEval was from MultiPL-E. 18 languages were implemented and tested. **Sandbox environment is needed for execution to safely run and evaluate the generated code, please refer to the [documentation](https://evalscope.readthedocs.io/en/latest/user_guides/sandbox.html) for more details.**"
multiple_mbpp,MultiPL-E MBPP,evalscope/MultiPL-E,EvalScope,Coding,acc,mbpp-cpp|mbpp-ts|mbpp-sh|mbpp-cs|mbpp-go|mbpp-java|mbpp-lua|mbpp-js|mbpp-php|mbpp-pl|mbpp-rkt|mbpp-r|mbpp-rs|mbpp-scala|mbpp-swift|mbpp-rb|mbpp-d|mbpp-jl,"This multilingual MBPP was from MultiPL-E. 18 languages were implemented and tested. **Sandbox environment is needed for execution to safely run and evaluate the generated code, please refer to the [documentation](https://evalscope.readthedocs.io/en/latest/user_guides/sandbox.html) for more details.**"
music_trivia,MusicTrivia,extraordinarylab/music-trivia,EvalScope,Knowledge|MCQ,acc,default,"MusicTrivia is a curated dataset of multiple-choice questions covering both classical and modern music topics. It includes questions about composers, musical periods, and popular artists, designed for evaluating factual recall and domain-specific music knowledge."
musr,MuSR,AI-ModelScope/MuSR,EvalScope,Reasoning|MCQ,acc,murder_mysteries|object_placements|team_allocation,"MuSR is a benchmark for evaluating AI models on multiple-choice questions related to murder mysteries, object placements, and team allocation."
ncbi,NCBI,extraordinarylab/ncbi,EvalScope,Knowledge|NER,precision|recall|f1_score|accuracy,default,The NCBI disease corpus is a manually annotated resource of PubMed abstracts designed for disease name recognition and normalization.
needle_haystack,Needle-in-a-Haystack,AI-ModelScope/Needle-in-a-Haystack-Corpus,EvalScope,Retrieval|LongContext,acc,english|chinese,Needle in a Haystack is a benchmark focused on information retrieval tasks. It requires the model to find specific information within a large corpus of text. [Usage Example](https://evalscope.readthedocs.io/en/latest/third_party/needle_haystack.html)
nq,,opencompass/natural_question,OpenCompass,,,,
obqa,,opencompass/openbookqa_test,OpenCompass,,,,
ocnli,,opencompass/OCNLI-dev,OpenCompass,,,,
ocnli_fc,,./data/FewCLUE/ocnli/dev_few_all.json,OpenCompass,,,,
ocr_bench,OCRBench,evalscope/OCRBench,EvalScope,MultiModal|Knowledge|QA,acc,Regular Text Recognition|Irregular Text Recognition|Artistic Text Recognition|Handwriting Recognition|Digit String Recognition|Non-Semantic Text Recognition|Scene Text-centric VQA|Doc-oriented VQA|Key Information Extraction|Handwritten Mathematical Expression Recognition,"OCRBench is a comprehensive evaluation benchmark designed to assess the OCR capabilities of Large Multimodal Models. It comprises five components: Text Recognition, SceneText-Centric VQA, Document-Oriented VQA, Key Information Extraction, and Handwritten Mathematical Expression Recognition. The benchmark includes 1000 question-answer pairs, and all the answers undergo manual verification and correction to ensure a more precise evaluation."
ocr_bench_v2,OCRBench-v2,evalscope/OCRBench_v2,EvalScope,MultiModal|Knowledge|QA,acc,APP agent en|ASCII art classification en|key information extraction cn|key information extraction en|key information mapping en|VQA with position en|chart parsing en|cognition VQA cn|cognition VQA en|diagram QA en|document classification en|document parsing cn|document parsing en|formula recognition cn|formula recognition en|handwritten answer extraction cn|math QA en|full-page OCR cn|full-page OCR en|reasoning VQA en|reasoning VQA cn|fine-grained text recognition en|science QA en|table parsing cn|table parsing en|text counting en|text grounding en|text recognition en|text spotting en|text translation cn,"OCRBench v2 is a large-scale bilingual text-centric benchmark with currently the most comprehensive set of tasks (4x more tasks than the previous multi-scene benchmark OCRBench), the widest coverage of scenarios (31 diverse scenarios including street scene, receipt, formula, diagram, and so on), and thorough evaluation metrics, with a total of 10, 000 human-verified question-answering pairs and a high proportion of difficult samples."
olympiad_bench,OlympiadBench,AI-ModelScope/OlympiadBench,EvalScope,Math|Reasoning,acc,OE_MM_maths_en_COMP|OE_MM_maths_zh_CEE|OE_MM_maths_zh_COMP|OE_MM_physics_en_COMP|OE_MM_physics_zh_CEE|OE_TO_maths_en_COMP|OE_TO_maths_zh_CEE|OE_TO_maths_zh_COMP|OE_TO_physics_en_COMP|OE_TO_physics_zh_CEE|TP_MM_maths_en_COMP|TP_MM_maths_zh_CEE|TP_MM_maths_zh_COMP|TP_MM_physics_en_COMP|TP_TO_maths_en_COMP|TP_TO_maths_zh_CEE|TP_TO_maths_zh_COMP|TP_TO_physics_en_COMP,"OlympiadBench is an Olympiad-level bilingual multimodal scientific benchmark, featuring 8,476 problems from Olympiad-level mathematics and physics competitions, including the Chinese college entrance exam. In the subsets: `OE` stands for `Open-Ended`, `TP` stands for `Theorem Proving`, `MM` stands for `Multimodal`, `TO` stands for `Text-Only`, `CEE` stands for `Chinese Entrance Exam`, `COMP` stands for `Comprehensive`. **Note: The `TP` subsets can't be evaluated with auto-judge for now**."
omni_bench,OmniBench,m-a-p/OmniBench,EvalScope,MultiModal|Knowledge|MCQ,acc,default,"OmniBench, a pioneering universal multimodal benchmark designed to rigorously evaluate MLLMs' capability to recognize, interpret, and reason across visual, acoustic, and textual inputs simultaneously."
omni_doc_bench,OmniDocBench,evalscope/OmniDocBench_tsv,EvalScope,MultiModal|Knowledge|QA,text_block|display_formula|table|reading_order,default,"OmniDocBench is an evaluation dataset for diverse document parsing in real-world scenarios, with the following characteristics:
- Diverse Document Types: The evaluation set contains 1355 PDF pages, covering 9 document types, 4 layout types and 3 language types. It has broad coverage including academic papers, financial reports, newspapers, textbooks, handwritten notes, etc.
- Rich Annotations: Contains location information for 15 block-level (text paragraphs, titles, tables, etc., over 20k in total) and 4 span-level (text lines, inline formulas, superscripts/subscripts, etc., over 80k in total) document elements, as well as recognition results for each element region (text annotations, LaTeX formula annotations, tables with both LaTeX and HTML annotations). OmniDocBench also provides reading order annotations for document components. Additionally, it includes various attribute labels at page and block levels, with 5 page attribute labels, 3 text attribute labels and 6 table attribute labels.
**The evaluation in EvalScope implements the `end2end` and `quick_match` methods from the official [OmniDocBench-v1.5 repository](https://github.com/opendatalab/OmniDocBench).**
"
ontonotes5,OntoNotes5,extraordinarylab/ontonotes5,EvalScope,Knowledge|NER,precision|recall|f1_score|accuracy,default,"OntoNotes Release 5.0 is a large, multilingual corpus containing text in English, Chinese, and Arabic across various genres like news, weblogs, and broadcast conversations. It is richly annotated with multiple layers of linguistic information, including syntax, predicate-argument structure, word sense, named entities, and coreference to support research and development in natural language processing."
openai_mrcr,OpenAI MRCR,openai-mirror/mrcr,EvalScope,LongContext|Retrieval,mrcr_score,default,"Memory-Recall with Contextual Retrieval (MRCR). Evaluates retrieval and recall in long contexts by placing 2, 4 or 8 needles in the prompt. Measures whether the model can correctly extract and use them. "
piqa,PIQA,extraordinarylab/piqa,EvalScope|OpenCompass,Reasoning|Commonsense|MCQ,acc,default,PIQA addresses the challenging task of reasoning about physical commonsense in natural language.
poly_math,PolyMath,evalscope/PolyMath,EvalScope,Math|Reasoning|MultiLingual,acc,en|zh|ar|bn|de|es|fr|id|it|ja|ko|ms|pt|ru|sw|te|th|vi,"PolyMath is a multilingual mathematical reasoning benchmark covering 18 languages and 4 easy-to-hard difficulty levels, with 9,000 high-quality problem samples. Our benchmark ensures difficulty comprehensiveness, language diversity, and high-quality translation, making it a highly discriminative multilingual mathematical benchmark in the era of reasoning LLMs."
pope,POPE,lmms-lab/POPE,EvalScope,MultiModal|Hallucination|Yes/No,accuracy|precision|recall|f1_score|yes_ratio,popular|adversarial|random,"POPE (Polling-based Object Probing Evaluation) is a benchmark designed to evaluate object hallucination in large vision-language models (LVLMs). It tests models by having them answer simple yes/no questions about the presence of specific objects in an image. This method helps measure how accurately a model's responses align with the visual content, with a focus on identifying instances where models claim objects exist that are not actually present. The benchmark employs various sampling strategies, including random, popular, and adversarial sampling, to create a robust set of questions for assessment."
process_bench,ProcessBench,Qwen/ProcessBench,EvalScope,Math|Reasoning,error_acc|correct_acc|simple_f1_score,gsm8k|math|olympiadbench|omnimath,"ProcessBench is a benchmark for evaluating AI models on mathematical reasoning tasks. It includes various subsets such as GSM8K, Math, OlympiadBench, and OmniMath, each with its own set of problems that require step-by-step reasoning to arrive at the correct answer."
pubmedqa,PubMedQA,extraordinarylab/pubmed-qa,EvalScope,Knowledge|Yes/No,accuracy|precision|recall|f1_score|yes_ratio|maybe_ratio,default,PubMedQA reasons over biomedical research texts to answer the multiple-choice questions.
qasc,QASC,extraordinarylab/qasc,EvalScope,Knowledge|MCQ,acc,default,"QASC is a question-answering dataset with a focus on sentence composition. It consists of 9,980 8-way multiple-choice questions about grade school science."
race,RACE,evalscope/race,EvalScope|OpenCompass,Reasoning|MCQ,acc,high|middle,RACE is a benchmark for testing reading comprehension and reasoning abilities of neural models. It is constructed from Chinese middle and high school examinations.
real_world_qa,RealWorldQA,lmms-lab/RealWorldQA,EvalScope,MultiModal|Knowledge|QA,acc,default,"RealWorldQA is a benchmark designed to evaluate the real-world spatial understanding capabilities of multimodal AI models, contributed by XAI. It assesses how well these models comprehend physical environments. The benchmark consists of 700+ images, each accompanied by a question and a verifiable answer. These images are drawn from real-world scenarios, including those captured from vehicles. The goal is to advance AI models' understanding of our physical world."
refcoco,RefCOCO,lmms-lab/RefCOCO,EvalScope,Knowledge|MultiModal|Grounding|ImageCaptioning,IoU|ACC@0.1|ACC@0.3|ACC@0.5|ACC@0.7|ACC@0.9|Center_ACC|Bleu_1|Bleu_2|Bleu_3|Bleu_4|METEOR|ROUGE_L|CIDEr,test|val|testA|testB,"The RefCOCO dataset is a collection of images, object bounding boxes, and free-form natural-language referring expressions intended for training and evaluating models on the task of Referring Expression Comprehension (REC). It was created by collecting expressions on Amazon Mechanical Turk that uniquely describe a target object inside a MSCOCO image, and then asking other Turkers to click on the corresponding object."
scicode,SciCode,evalscope/SciCode,EvalScope,Coding,main_problem_pass_rate|subproblem_pass_rate,default,"SciCode is a challenging benchmark designed to evaluate the capabilities of language models (LMs) in generating code for solving realistic scientific research problems. It has a diverse coverage of 16 subdomains from 5 domains: Physics, Math, Material Science, Biology, and Chemistry. Unlike previous benchmarks that consist of exam-like question-answer pairs, SciCode is converted from real research problems. SciCode problems naturally factorize into multiple subproblems, each involving knowledge recall, reasoning, and code synthesis. **Sandbox environment is needed for execution to safely run and evaluate the generated code, please refer to the [documentation](https://evalscope.readthedocs.io/en/latest/user_guides/sandbox.html) for more details.**"
science_qa,ScienceQA,AI-ModelScope/ScienceQA,EvalScope,Knowledge|MCQ|MultiModal,acc,default,"ScienceQA is a multimodal benchmark consisting of multiple-choice science questions derived from elementary and high school curricula. It covers a diverse range of subjects, including natural science, social science, and language science. A key feature of this benchmark is that most questions are accompanied by both image and text contexts, and are annotated with detailed lectures and explanations that support the correct answer, facilitating research into models that can generate chains of thought."
sciq,SciQ,extraordinarylab/sciq,EvalScope,ReadingComprehension|Knowledge|MCQ,acc,default,"The SciQ dataset contains crowdsourced science exam questions about Physics, Chemistry and Biology, among others. For the majority of the questions, an additional paragraph with supporting evidence for the correct answer is provided."
seed_bench_2_plus,SEED-Bench-2-Plus,evalscope/SEED-Bench-2-Plus,EvalScope,Knowledge|Reasoning|MCQ|MultiModal,acc,chart|web|map,"SEED-Bench-2-Plus is a large-scale benchmark to evaluate Multimodal Large Language Models (MLLMs). It consists of 2.3K multiple-choice questions with precise human annotations, spanning three broad categories: Charts, Maps, and Webs, each of which covers a wide spectrum of text-rich scenarios in the real world."
simple_qa,SimpleQA,evalscope/SimpleQA,EvalScope,Knowledge|QA,is_correct|is_incorrect|is_not_attempted,default,SimpleQA is a benchmark designed to evaluate the performance of language models on simple question-answering tasks. It includes a set of straightforward questions that require basic reasoning and understanding capabilities.
simple_vqa,SimpleVQA,m-a-p/SimpleVQA,EvalScope,Reasoning|MultiModal|QA,acc,default,"SimpleVQA, the first comprehensive multi-modal benchmark to evaluate the factuality ability of MLLMs to answer natural language short questions. SimpleVQA is characterized by six key features: it covers multiple tasks and multiple scenarios, ensures high quality and challenging queries, maintains static and timeless reference answers, and is straightforward to evaluate."
siqa,SIQA,extraordinarylab/siqa,EvalScope|OpenCompass,Commonsense|Reasoning|MCQ,acc,default,"Social Interaction QA (SIQA) is a question-answering benchmark for testing social commonsense intelligence. Contrary to many prior benchmarks that focus on physical or taxonomic knowledge, Social IQa focuses on reasoning about people's actions and their social implications."
storycloze,,opencompass/xstory_cloze,OpenCompass,,,,
strategyqa,,opencompass/strategy_qa,OpenCompass,,,,
summedits,,opencompass/summedits,OpenCompass,,,,
super_gpqa,SuperGPQA,m-a-p/SuperGPQA,EvalScope,Knowledge|MCQ,acc,"Electronic Science and Technology|Philosophy|Traditional Chinese Medicine|Applied Economics|Mathematics|Physics|Clinical Medicine|Computer Science and Technology|Information and Communication Engineering|Control Science and Engineering|Theoretical Economics|Law|History|Basic Medicine|Education|Materials Science and Engineering|Electrical Engineering|Systems Science|Power Engineering and Engineering Thermophysics|Military Science|Biology|Business Administration|Language and Literature|Public Health and Preventive Medicine|Political Science|Chemistry|Hydraulic Engineering|Chemical Engineering and Technology|Pharmacy|Geography|Art Studies|Architecture|Forestry Engineering|Public Administration|Oceanography|Journalism and Communication|Nuclear Science and Technology|Weapon Science and Technology|Naval Architecture and Ocean Engineering|Environmental Science and Engineering|Transportation Engineering|Geology|Physical Oceanography|Musicology|Stomatology|Aquaculture|Mechanical Engineering|Aeronautical and Astronautical Science and Technology|Civil Engineering|Mechanics|Petroleum and Natural Gas Engineering|Sociology|Food Science and Engineering|Agricultural Engineering|Surveying and Mapping Science and Technology|Metallurgical Engineering|Library, Information and Archival Management|Mining Engineering|Astronomy|Geological Resources and Geological Engineering|Atmospheric Science|Optical Engineering|Animal Husbandry|Geophysics|Crop Science|Management Science and Engineering|Psychology|Forestry|Textile Science and Engineering|Veterinary Medicine|Instrument Science and Technology|Physical Education","SuperGPQA is a large-scale multiple-choice question answering dataset, designed to evaluate the generalization ability of models across different fields. It contains 26,000+ questions from 50+ fields, with each question having 10 options."
swe_bench_lite,SWE-bench_Lite,princeton-nlp/SWE-bench_Lite,EvalScope,Coding,acc,default,"SWE-bench Lite is subset of SWE-bench, a dataset that tests systems' ability to solve GitHub issues automatically. The dataset collects 300 test Issue-Pull Request pairs from 11 popular Python. Evaluation is performed by unit test verification using post-PR behavior as the reference solution. Need to run `pip install swebench==4.1.0` before evaluating. [Usage Example](https://evalscope.readthedocs.io/en/latest/third_party/swe_bench.html)"
swe_bench_verified,SWE-bench_Verified,princeton-nlp/SWE-bench_Verified,EvalScope,Coding,acc,default,"SWE-bench Verified is a subset of 500 samples from the SWE-bench test set, which have been human-validated for quality. SWE-bench is a dataset that tests systems' ability to solve GitHub issues automatically. Need to run `pip install swebench==4.1.0` before evaluating. [Usage Example](https://evalscope.readthedocs.io/en/latest/third_party/swe_bench.html)"
swe_bench_verified_mini,SWE-bench_Verified_mini,evalscope/swe-bench-verified-mini,EvalScope,Coding,acc,default,"SWEBench-verified-mini is a subset of SWEBench-verified that uses 50 instead of 500 datapoints, requires 5GB instead of 130GB of storage and has approximately the same distribution of performance, test pass rates and difficulty as the original dataset. Need to run `pip install swebench==4.1.0` before evaluating. [Usage Example](https://evalscope.readthedocs.io/en/latest/third_party/swe_bench.html)"
tau2_bench,τ²-bench,evalscope/tau2-bench-data,EvalScope,FunctionCalling|Reasoning|Agent,,airline|retail|telecom,"τ²-bench (Tau Squared Bench) is an extension and enhancement of the original τ-bench (Tau Bench), which is a benchmark designed to evaluate conversational AI agents that interact with users through domain-specific API tools and guidelines. Please install it with `pip install git+https://github.com/sierra-research/tau2-bench@v0.2.0` before evaluating and set a user model. [Usage Example](https://evalscope.readthedocs.io/en/latest/third_party/tau2_bench.html)"
tau_bench,τ-bench,https://github.com/sierra-research/tau-bench,EvalScope,FunctionCalling|Reasoning|Agent,,airline|retail,A benchmark emulating dynamic conversations between a user (simulated by language models) and a language agent provided with domain-specific API tools and policy guidelines. Please install it with `pip install git+https://github.com/sierra-research/tau-bench` before evaluating and set a user model. [Usage Example](https://evalscope.readthedocs.io/en/latest/third_party/tau_bench.html)
terminal_bench_v2,Terminal-Bench-2.0,https://github.com/laude-institute/terminal-bench-2.git,EvalScope,Coding,acc,default,"Terminal-Bench v2 is a command-line benchmark suite that evaluates AI agents on 89 real-world, multi-step terminal tasks—ranging from compiling and debugging to system administration—within isolated containers; each task is rigorously validated and auto-scored 0/1, pushing frontier models to prove they can act, not just answer. Require `Python>=3.12` and need to run `pip install harbor==0.1.28` before evaluating. [Usage Example](https://evalscope.readthedocs.io/en/latest/third_party/terminal_bench.html)"
tifa160,TIFA-160,AI-ModelScope/T2V-Eval-Prompts,EvalScope,TextToImage,PickScore,TIFA-160,TIFA-160 Text-to-Image Benchmark
tnews,,./data/FewCLUE/tnews/dev_few_all.json,OpenCompass,,,,
tool_bench,ToolBench-Static,AI-ModelScope/ToolBench-Static,EvalScope,Reasoning|FunctionCalling,Act.EM|Plan.EM|F1|HalluRate|Rouge-L,in_domain|out_of_domain,"ToolBench is a benchmark for evaluating AI models on tool use tasks. It includes various subsets such as in-domain and out-of-domain, each with its own set of problems that require step-by-step reasoning to arrive at the correct answer. [Usage Example](https://evalscope.readthedocs.io/en/latest/third_party/toolbench.html)"
torgo,TORGO,extraordinarylab/torgo,EvalScope,Audio|SpeechRecognition,cer|wer|sem_score,mild|moderate|severe,The TORGO database of dysarthric articulation consists of aligned acoustics and measured 3D articulatory features from speakers with either cerebral palsy (CP) or amyotrophic lateral sclerosis (ALS).
trivia_qa,TriviaQA,evalscope/trivia_qa,EvalScope,QA|ReadingComprehension,acc,rc.wikipedia,"TriviaQA is a large-scale reading comprehension dataset consisting of question-answer pairs collected from trivia websites. It includes questions with multiple possible answers, making it suitable for evaluating the ability of models to understand and generate answers based on context."
triviaqa,,opencompass/trivia_qa,OpenCompass,,,,
truthful_qa,TruthfulQA,evalscope/truthful_qa,EvalScope,Knowledge,multi_choice_acc,multiple_choice,"TruthfulQA is a benchmark designed to evaluate the ability of AI models to answer questions truthfully and accurately. It includes multiple-choice tasks, focusing on the model's understanding of factual information."
tweebank_ner,TweeBankNER,extraordinarylab/tweebank-ner,EvalScope,Knowledge|NER,precision|recall|f1_score|accuracy,default,"Tweebank-NER is an English Twitter corpus created by annotating the syntactically-parsed Tweebank V2 with four types of named entities: Person, Organization, Location, and Miscellaneous."
tweet_ner_7,TweetNER7,extraordinarylab/tweet-ner-7,EvalScope,Knowledge|NER,precision|recall|f1_score|accuracy,default,"TweetNER7 is a large-scale NER dataset featuring over 11,000 tweets from 2019-2021, annotated with seven entity types to facilitate the study of short-term temporal shifts in social media language."
visulogic,VisuLogic,evalscope/VisuLogic,EvalScope,Math|Reasoning|MCQ|MultiModal,acc,Quantitative Reasoning|Other|Positional Reasoning|Stylistic Reasoning|Spatial Reasoning|Attribute Reasoning,"VisuLogic is a benchmark aimed at evaluating the visual reasoning capabilities of Multi-modal Large Language Models (MLLMs), independent of textual reasoning processes. It features carefully constructed visual reasoning tasks spanning multiple categories, divided into six types based on required reasoning skills (e.g., Quantitative Reasoning, which involves understanding and deducing changes in the quantity of elements in images). Unlike existing benchmarks, VisuLogic is a challenging visual reasoning benchmark that is inherently difficult to articulate using language, providing a more rigorous evaluation of the visual reasoning capabilities of MLLMs."
vstar_bench,V*Bench,lmms-lab/vstar-bench,EvalScope,MCQ|MultiModal|Grounding,acc,default,"V*Bench is a benchmark designed for evaluating visual search capabilities within multimodal reasoning systems. It focuses on the ability to actively locate and identify specific visual information in high-resolution images, which is crucial for tasks requiring fine-grained visual understanding. This benchmark helps assess how well models can perform targeted visual queries, often guided by natural language instructions, to find and reason about specific elements in complex visual scenes ."
winogrande,Winogrande,AI-ModelScope/winogrande_val,EvalScope|OpenCompass,Reasoning|MCQ,acc,default,"Winogrande is a benchmark for evaluating AI models on commonsense reasoning tasks, specifically designed to test the ability to resolve ambiguous pronouns in sentences."
wmt24pp,WMT2024++,extraordinarylab/wmt24pp,EvalScope,MultiLingual|MachineTranslation,bleu|bert_score|comet,en-ar_eg|en-ar_sa|en-bg_bg|en-bn_in|en-ca_es|en-cs_cz|en-da_dk|en-de_de|en-el_gr|en-es_mx|en-et_ee|en-fa_ir|en-fi_fi|en-fil_ph|en-fr_ca|en-fr_fr|en-gu_in|en-he_il|en-hi_in|en-hr_hr|en-hu_hu|en-id_id|en-is_is|en-it_it|en-ja_jp|en-kn_in|en-ko_kr|en-lt_lt|en-lv_lv|en-ml_in|en-mr_in|en-nl_nl|en-no_no|en-pa_in|en-pl_pl|en-pt_br|en-pt_pt|en-ro_ro|en-ru_ru|en-sk_sk|en-sl_si|en-sr_rs|en-sv_se|en-sw_ke|en-sw_tz|en-ta_in|en-te_in|en-th_th|en-tr_tr|en-uk_ua|en-ur_pk|en-vi_vn|en-zh_cn|en-zh_tw|en-zu_za,WMT2024 news translation benchmark supporting multiple language pairs. Each subset represents a specific translation direction
wnut2017,WNUT2017,extraordinarylab/wnut2017,EvalScope,Knowledge|NER,precision|recall|f1_score|accuracy,default,"The WNUT2017 dataset is a collection of user-generated text from various social media platforms, like Twitter and YouTube, specifically designed for a named-entity recognition task."
zebralogicbench,ZebraLogicBench,allenai/ZebraLogicBench-private,EvalScope,Reasoning,puzzle_acc|cell_acc|easy_puzzle_acc|hard_puzzle_acc|small_puzzle_acc|medium_puzzle_acc|large_puzzle_acc|xl_puzzle_acc|avg_reason_lens|no_answer_num,grid_mode,"ZebraLogic, a comprehensive evaluation framework for assessing LLM reasoning performance on logic grid puzzles derived from constraint satisfaction problems (CSPs)."
zerobench,ZeroBench,evalscope/zerobench,EvalScope,Knowledge|QA|MultiModal,acc,default,"ZeroBench is a challenging visual reasoning benchmark for Large Multimodal Models (LMMs). It consists of a main set of 100 high-quality, manually curated questions covering numerous domains, reasoning types and image type. Questions in ZeroBench have been designed and calibrated to be beyond the capabilities of current frontier models. As such, none of the evaluated models achieves a non-zero pass@1 (with greedy decoding) or 5/5 reliability score."
